group	State	State2	Year	St_Yr	CDL_2011	CDL_2012	Lat	Long	Slope_Avg	Aspect	SurfText	AWC	CEC7	Clay	Db3rdbar	EC	ECEC	OrgMatter	pHwater	Sand	Silt	WC3rdbar	Water_Source	Shape_Length	Shape_Area	Precip	TMax_30yr_avg	TMean_30yr_avg	TMin_30yr_avg	Tmax_yr	TMean_yr	TMin_yr	Precip_30yr_avg	Tmin_AMJ_12	Tmin_AMJ_11	Tmean_AMJ_12	Tmean_AMJ_11	Tmax_AMJ_12	Tmax_AMJ_11	Precip_AMJ_12	Precip_AMJ_11	Tmin_AMJ	Tmean_AMJ	Tmax_AMJ	Precip_AMJ
ARSO_1	ARSO	Arkansas	2011	Arkansas 2011	Soybeans	Soybeans	34.46	-91.42	0.057	167	Silt loam	0.180	35.000	32.300	1.360	0.000	9.700	0.840	5.400	13.400	54.300	31.700	Rain-fed	384.217	8819.025	1375.578	22.510	16.890	11.270	22.897	17.283	11.668	1257.970	17.210	17.097	22.838	22.832	28.467	28.567	61.440	171.210	17.097	22.832	28.567	171.210
IASO_1	IASO	Iowa	2011	Iowa 2011	Corn	Soybeans	41.25	-91.54	2.236	120	Silty clay loam	0.188	25.906	33.095	1.383	0.094	0.000	1.122	5.831	2.302	64.604	32.326	Rain-fed	388.720	8825.188	830.808	16.200	10.580	4.960	16.333	10.518	4.703	937.490	10.853	10.410	17.775	16.238	24.697	22.067	100.510	133.270	10.410	16.238	22.067	133.270
IASO_2	IASO	Iowa	2011	Iowa 2011	Soybeans	Corn	41.74	-92.73	2.821	210	Silty clay loam	0.200	29.226	29.337	1.333	0.000	0.000	1.983	6.226	6.906	63.788	31.626	Rain-fed	384.199	9039.648	768.758	15.030	9.460	3.880	15.004	9.403	3.801	921.960	10.530	9.353	17.162	14.947	23.793	20.540	66.530	119.427	9.353	14.947	20.540	119.427
IASO_3	IASO	Iowa	2011	Iowa 2011	Soybeans	Soybeans	42.19	-93.01	3.271	33	Silty clay loam	0.200	27.500	29.809	1.330	0.000	0.000	1.167	6.100	7.000	63.191	31.214	Rain-fed	378.602	8491.812	755.121	14.450	8.750	3.050	14.480	8.777	3.074	904.350	10.157	8.717	16.825	14.522	23.493	20.327	72.220	108.873	8.717	14.522	20.327	108.873
IASO_4	IASO	Iowa	2011	Iowa 2011	Soybeans	Soybeans	41.65	-95.96	0.459	48	Silty clay	0.144	38.689	45.709	1.345	0.000	0.000	1.941	7.105	7.491	46.900	33.497	Rain-fed	384.753	8690.186	741.511	16.100	9.990	3.870	15.761	9.478	3.196	795.800	11.260	9.433	18.343	15.590	25.427	21.747	94.133	127.120	9.433	15.590	21.747	127.120
IASO_5	IASO	Iowa	2011	Iowa 2011	Soybeans	Corn	40.86	-93.75	0.573	142	Silty clay loam	0.167	27.738	37.255	1.438	0.979	0.000	0.819	6.171	9.036	53.709	33.140	Rain-fed	388.608	9306.765	940.113	15.880	10.030	4.180	15.774	9.871	3.969	947.500	10.857	9.617	17.505	15.417	24.153	21.217	87.387	151.487	9.617	15.417	21.217	151.487
IASO_6	IASO	Iowa	2011	Iowa 2011	Corn	Soybeans	40.91	-93.76	0.408	134	Silt loam	0.179	27.307	36.873	1.414	1.000	0.000	0.770	6.193	12.291	50.836	32.754	Rain-fed	388.382	9054.471	946.014	15.810	10.000	4.190	15.798	9.858	3.918	941.920	10.833	9.597	17.537	15.442	24.240	21.287	88.110	155.497	9.597	15.442	21.287	155.497
IASO_7	IASO	Iowa	2011	Iowa 2011	Corn	Soybeans	40.91	-93.76	0.605	69	Silty clay loam	0.173	27.358	36.761	1.431	0.995	0.000	0.814	6.167	9.302	53.937	32.988	Rain-fed	387.859	8912.774	946.014	15.810	10.000	4.190	15.798	9.858	3.918	941.920	10.833	9.597	17.537	15.442	24.240	21.287	88.110	155.497	9.597	15.442	21.287	155.497
IASO_8	IASO	Iowa	2011	Iowa 2011	Soybeans	Corn	42.56	-94.66	0.900	2	Silty clay loam	0.189	28.475	27.902	1.437	0.000	0.000	4.326	7.445	29.474	42.624	31.471	Rain-fed	388.792	9443.195	565.818	14.230	8.450	2.660	14.070	8.224	2.379	842.520	10.350	8.580	16.972	14.295	23.593	20.010	89.063	101.243	8.580	14.295	20.010	101.243
IASO_9	IASO	Iowa	2011	Iowa 2011	Corn	Soybeans	42.32	-92.60	2.035	339	Silty clay loam	0.200	27.500	28.806	1.330	0.000	0.000	1.645	6.100	7.500	63.694	31.192	Rain-fed	390.291	9430.579	757.142	14.230	8.520	2.810	14.278	8.578	2.878	900.500	9.840	8.517	16.552	14.377	23.263	20.237	67.047	104.067	8.517	14.377	20.237	104.067
ILSO_1	ILSO	Illinois	2011	Illinois 2011	Soybeans	Soybeans	40.08	-88.23	0.326	-1	Silty clay loam	0.163	22.949	27.558	1.388	0.000	0.000	1.895	6.846	18.189	54.208	30.044	Rain-fed	391.022	7018.369	955.370	16.510	10.840	5.170	16.952	11.468	5.985	1011.590	11.183	11.130	18.078	16.825	24.973	22.520	59.510	132.757	11.130	16.825	22.520	132.757
ILSO_2	ILSO	Illinois	2011	Illinois 2011	Corn	Soybeans	40.91	-90.65	0.223	188	Silty clay loam	0.180	23.200	29.000	1.370	1.000	0.000	1.960	6.900	2.100	69.000	31.600	Rain-fed	402.763	8885.024	987.041	15.890	10.300	4.700	15.977	10.355	4.733	959.000	10.710	9.940	17.610	15.667	24.510	21.393	84.067	155.860	9.940	15.667	21.393	155.860
ILSO_3	ILSO	Illinois	2011	Illinois 2011	Soybeans	Corn	37.71	-88.25	1.066	117	Fine sandy loam	0.138	7.148	11.453	1.544	0.000	1.984	0.441	6.305	73.708	14.840	17.601	Irrigated	384.262	8989.538	1708.216	19.420	13.670	7.920	19.694	14.357	9.019	1150.090	13.783	14.443	20.618	19.813	27.453	25.183	32.553	228.753	14.443	19.813	25.183	228.753
ILSO_4	ILSO	Illinois	2011	Illinois 2011	Alfalfa	Grassland/Pasture	39.57	-90.83	6.872	243	Silt loam	0.202	18.784	24.236	1.398	0.000	0.000	0.398	6.088	4.000	71.764	28.912	Rain-fed	386.740	9313.187	944.191	17.230	11.560	5.880	17.266	11.782	6.297	1008.150	12.003	11.520	18.515	17.008	25.027	22.497	71.950	148.877	11.520	17.008	22.497	148.877
ILSO_5	ILSO	Illinois	2011	Illinois 2011	Corn	Soybeans	39.07	-89.02	0.129	203	Silt loam	0.200	19.500	29.900	1.390	0.000	0.000	0.800	6.700	7.300	62.900	30.700	Rain-fed	386.907	8783.416	1232.287	18.050	12.430	6.800	18.053	12.631	7.209	1030.530	12.320	12.553	19.102	18.030	25.883	23.507	65.523	185.790	12.553	18.030	23.507	185.790
ILSO_6	ILSO	Illinois	2011	Illinois 2011	Soybeans	Soybeans	38.90	-89.93	1.861	95	Silt loam	0.206	14.456	22.709	1.489	0.241	11.863	0.683	6.224	17.719	59.512	29.055	Rain-fed	385.286	8074.483	1089.713	18.490	13.150	7.810	18.677	13.475	8.273	1053.560	13.480	13.527	19.850	18.815	26.220	24.103	81.243	158.690	13.527	18.815	24.103	158.690
INSO_1	INSO	Indiana	2011	Indiana 2011	Corn	Soybeans	40.30	-86.89	0.685	205	Silt loam	0.144	17.598	24.428	1.596	0.000	14.037	1.213	6.421	27.994	47.579	28.819	Rain-fed	385.419	8361.445	1215.619	16.450	10.790	5.120	16.558	11.199	5.840	983.870	11.157	11.263	17.840	16.752	24.523	22.240	54.863	156.853	11.263	16.752	22.240	156.853
INSO_2	INSO	Indiana	2011	Indiana 2011	Grassland/Pasture	Grassland/Pasture	39.69	-87.11	1.272	220	Silt loam	0.200	12.000	20.600	1.490	0.000	10.100	0.570	6.000	9.600	69.800	28.400	Rain-fed	389.621	7945.875	1385.566	17.260	11.480	5.690	17.805	12.179	6.553	1098.200	10.783	11.677	18.312	17.687	25.840	23.697	55.717	175.373	11.677	17.687	23.697	175.373
INSO_3	INSO	Indiana	2011	Indiana 2011	Soybeans	Corn	40.43	-85.26	0.711	311	Silt loam	0.085	19.762	33.800	1.637	0.000	0.000	1.185	7.327	18.679	47.547	29.697	Rain-fed	387.266	7452.062	1254.826	15.910	10.430	4.950	16.192	11.033	5.875	999.800	10.880	11.143	17.492	16.412	24.103	21.680	40.580	129.373	11.143	16.412	21.680	129.373
INSO_4	INSO	Indiana	2011	Indiana 2011	Soybeans	Corn	41.17	-85.74	0.650	71	Loamy sand	0.119	8.358	11.845	1.660	0.000	0.000	0.536	6.613	63.302	24.853	19.115	Rain-fed	390.903	7590.108	1193.809	15.160	9.880	4.600	15.214	10.162	5.109	986.440	9.613	10.080	16.433	15.425	23.253	20.770	29.730	139.670	10.080	15.425	20.770	139.670
INSO_5	INSO	Indiana	2011	Indiana 2011	Soybeans	Corn	40.96	-87.13	0.218	165	Sandy loam	0.120	23.386	35.589	1.619	0.000	0.000	1.245	7.102	24.933	39.478	28.004	Rain-fed	384.209	8034.456	1180.349	15.800	10.200	4.600	15.579	10.340	5.101	981.150	10.513	10.350	17.278	15.850	24.043	21.350	69.353	162.163	10.350	15.850	21.350	162.163
KSSO_1	KSSO	Kansas	2011	Kansas 2011	Soybeans	Winter Wheat	39.96	-97.52	0.575	17	Silt loam	0.183	25.952	31.395	1.350	0.217	0.000	0.826	7.200	7.807	60.798	28.049	Rain-fed	386.663	9292.305	777.165	17.910	11.370	4.820	17.894	11.079	4.263	757.450	12.000	9.950	19.420	16.830	26.840	23.710	81.603	115.070	9.950	16.830	23.710	115.070
KSSO_2	KSSO	Kansas	2011	Kansas 2011	Soybeans	Corn	39.96	-97.42	1.618	211	Silt loam	0.188	25.996	32.337	1.321	0.126	0.000	0.862	7.163	6.406	61.219	29.769	Rain-fed	386.076	5581.917	772.192	17.830	11.320	4.810	17.836	10.990	4.144	764.720	11.770	9.793	19.247	16.685	26.723	23.577	82.273	111.707	9.793	16.685	23.577	111.707
KSSO_3	KSSO	Kansas	2011	Kansas 2011	Soybeans	Corn	39.33	-95.33	1.846	51	Silty clay loam	0.140	28.300	37.800	1.370	0.000	0.000	1.040	6.800	2.100	60.100	27.800	Rain-fed	370.120	8457.203	909.976	18.690	12.650	6.600	18.858	12.401	5.944	968.960	13.283	11.510	20.602	17.845	27.920	24.180	54.583	105.130	11.510	17.845	24.180	105.130
KSSO_4	KSSO	Kansas	2011	Kansas 2011	Soybeans	Soybeans	39.31	-96.36	2.080	141	Clay loam	0.143	24.681	36.770	1.490	0.000	0.000	1.160	7.393	31.682	31.521	32.317	Rain-fed	388.007	9400.335	795.187	18.860	12.420	5.970	19.022	12.196	5.370	869.240	12.733	10.987	19.943	17.688	27.153	24.390	75.010	96.870	10.987	17.688	24.390	96.870
KSSO_5	KSSO	Kansas	2011	Kansas 2011	Soybeans	Corn	39.31	-96.33	1.153	107	Silty clay loam	0.220	21.760	28.223	1.394	0.000	0.000	1.784	6.422	6.003	65.714	29.215	Rain-fed	360.982	7639.381	795.489	18.980	12.550	6.110	19.083	12.238	5.394	871.190	12.727	10.983	19.962	17.695	27.197	24.407	74.713	96.413	10.983	17.695	24.407	96.413
KSSO_6	KSSO	Kansas	2011	Kansas 2011	Grassland/Pasture	Grassland/Pasture	38.97	-95.58	2.599	279	Silty clay loam	0.150	36.252	47.852	1.320	0.100	0.000	1.294	6.700	2.248	49.948	33.200	Rain-fed	387.231	6690.585	806.098	18.500	12.550	6.590	19.232	12.700	6.168	944.480	13.630	11.943	20.527	18.068	27.423	24.193	55.703	89.780	11.943	18.068	24.193	89.780
KSSO_7	KSSO	Kansas	2011	Kansas 2011	Soybeans	Corn	38.82	-94.94	1.275	268	Silty clay loam	0.170	28.016	43.665	1.428	0.000	0.000	1.156	6.583	5.958	50.377	33.157	Rain-fed	389.444	9451.021	887.068	18.440	12.820	7.190	18.814	12.761	6.709	1031.380	14.030	12.363	20.370	18.153	26.710	23.943	59.853	106.340	12.363	18.153	23.943	106.340
MICO_2	MICO	Michigan	2011	Michigan 2011	Corn	Corn	42.42	-85.88	0.348	48	Silt loam	0.107	14.806	24.420	1.592	0.000	0.000	0.616	6.939	42.183	33.398	25.243	Rain-fed	386.735	8967.464	1122.694	14.730	9.120	3.500	15.021	9.327	3.632	1004.260	8.050	8.367	15.222	14.265	22.393	20.163	57.623	125.403	8.367	14.265	20.163	125.403
MICO_5	MICO	Michigan	2011	Michigan 2011	Corn	Soybeans	41.81	-85.65	0.105	267	Sandy loam	0.110	5.700	7.800	1.560	0.000	0.000	0.920	6.500	83.100	9.000	12.700	Rain-fed	389.285	8574.801	1201.453	14.940	9.410	3.870	14.803	9.686	4.569	979.280	9.223	9.257	15.827	14.735	22.430	20.213	36.627	133.487	9.257	14.735	20.213	133.487
MISO_1	MISO	Michigan	2011	Michigan 2011	Soybeans	Corn	41.83	-86.53	0.448	72	Loamy sand	0.110	6.400	17.300	1.470	0.000	0.000	0.510	7.000	61.100	21.600	21.600	Rain-fed	388.282	9217.945	1149.991	14.840	9.640	4.430	14.778	9.969	5.160	998.410	9.257	9.207	15.633	14.492	22.010	19.777	56.820	144.813	9.207	14.492	19.777	144.813
MISO_2	MISO	Michigan	2011	Michigan 2011	Corn	Winter Wheat	42.62	-85.84	1.972	328	Loam	0.144	7.143	16.722	1.551	0.000	0.000	0.492	6.423	66.716	16.652	18.570	Rain-fed	386.678	8999.487	1147.729	14.550	9.360	4.170	14.654	9.614	4.575	1014.560	9.190	9.090	15.578	14.382	21.967	19.673	62.767	134.163	9.090	14.382	19.673	134.163
MISO_3	MISO	Michigan	2011	Michigan 2011	Soybeans	Corn	42.65	-84.02	0.731	253	Loam	0.159	13.941	25.741	1.637	0.000	0.000	0.605	6.947	37.471	36.777	29.459	Rain-fed	386.601	9257.296	1114.565	14.200	8.780	3.350	14.124	9.073	4.022	822.340	8.310	8.493	14.867	13.760	21.423	19.027	54.893	128.623	8.493	13.760	19.027	128.623
MISO_4	MISO	Michigan	2011	Michigan 2011	Soybeans	Corn	42.66	-84.01	0.844	253	Loam	0.150	13.500	25.300	1.540	0.000	0.000	0.640	7.300	38.000	36.600	29.900	Rain-fed	389.058	9194.378	1108.264	14.200	8.780	3.360	14.133	9.093	4.054	822.050	8.300	8.470	14.857	13.748	21.413	19.027	54.513	127.647	8.470	13.748	19.027	127.647
MISO_5	MISO	Michigan	2011	Michigan 2011	Soybeans	Corn	42.83	-84.51	1.260	39	Loam	0.170	9.200	23.600	1.590	0.000	0.000	0.820	7.200	38.900	37.500	28.100	Rain-fed	386.556	6910.941	1063.751	13.930	8.610	3.280	13.991	9.120	4.249	836.170	8.660	8.710	14.973	13.845	21.287	18.980	57.577	126.167	8.710	13.845	18.980	126.167
MISO_6	MISO	Michigan	2011	Michigan 2011	Soybeans	Corn	42.87	-84.51	1.625	238	Loam	0.160	8.400	21.600	1.740	0.200	0.000	0.510	7.400	44.300	34.100	26.900	Rain-fed	382.300	8634.210	1061.185	14.040	8.640	3.230	14.149	9.188	4.227	840.490	8.477	8.633	14.910	13.892	21.343	19.150	57.820	125.750	8.633	13.892	19.150	125.750
MISO_7	MISO	Michigan	2011	Michigan 2011	Corn	Corn	41.93	-84.79	2.481	300	Sandy loam	0.113	9.363	11.300	1.565	0.000	0.000	0.477	7.080	75.047	13.670	13.165	Rain-fed	388.550	9040.687	1234.879	14.330	9.010	3.680	14.289	9.228	4.167	946.170	8.810	9.160	15.375	14.383	21.940	19.607	37.243	130.353	9.160	14.383	19.607	130.353
MISO_8	MISO	Michigan	2011	Michigan 2011	Soybeans	Grassland/Pasture	42.71	-84.47	0.823	1	Loam	0.170	9.200	22.700	1.580	0.000	0.000	0.820	7.200	39.800	37.400	27.800	Rain-fed	388.198	5662.411	1077.976	13.920	8.600	3.270	13.908	9.001	4.095	832.700	8.550	8.543	14.937	13.707	21.323	18.870	54.677	124.093	8.543	13.707	18.870	124.093
MISO_9	MISO	Michigan	2011	Michigan 2011	Alfalfa	Alfalfa	42.88	-84.72	1.816	4	Loam	0.170	9.200	23.600	1.590	0.000	0.000	0.820	7.200	38.900	37.500	28.100	Rain-fed	383.164	8280.496	1060.488	14.170	8.700	3.220	14.225	9.188	4.151	859.870	8.463	8.560	15.067	13.980	21.670	19.400	62.630	122.470	8.560	13.980	19.400	122.470
MNSO_1	MNSO	Minnesota	2011	Minnesota 2011	Corn	Soybeans	44.07	-93.53	0.758	248	Clay loam	0.180	20.219	25.770	1.443	0.000	0.000	1.930	7.449	37.342	36.814	29.621	Rain-fed	387.988	9300.465	726.620	12.680	7.210	1.730	12.189	6.953	1.717	835.500	9.503	8.050	15.605	13.082	21.707	18.113	110.003	112.350	8.050	13.082	18.113	112.350
MNSO_2	MNSO	Minnesota	2011	Minnesota 2011	Soybeans	Corn	43.67	-94.72	1.222	341	Clay loam	0.177	18.913	25.925	1.421	0.000	0.000	2.134	7.668	37.887	36.201	29.988	Rain-fed	385.425	4365.534	644.088	12.860	7.400	1.940	13.002	7.361	1.720	773.160	9.870	8.270	16.272	13.592	22.673	18.913	109.137	113.900	8.270	13.592	18.913	113.900
MNSO_3	MNSO	Minnesota	2011	Minnesota 2011	Soybeans	Corn	46.64	-96.71	0.130	236	Clay	0.160	50.000	74.400	1.180	1.900	0.000	2.210	7.700	7.200	18.300	47.500	Rain-fed	387.193	7703.141	553.392	11.450	5.730	0.000	11.046	5.674	0.301	599.160	8.320	7.083	14.722	12.160	21.123	17.237	66.303	81.357	7.083	12.160	17.237	81.357
MNSO_4	MNSO	Minnesota	2011	Minnesota 2011	Soybeans	Spring Wheat	46.61	-96.70	0.298	248	Loam	0.175	17.643	23.404	1.399	1.974	0.000	1.777	7.900	38.220	38.376	25.944	Rain-fed	384.693	8689.778	553.392	11.490	5.770	0.050	11.046	5.674	0.301	596.510	8.320	7.083	14.722	12.160	21.123	17.237	66.303	81.357	7.083	12.160	17.237	81.357
MNSO_5	MNSO	Minnesota	2011	Minnesota 2011	Soybeans	Corn	44.24	-95.31	0.403	48	Loam	0.180	18.260	24.835	1.404	0.000	0.000	0.931	7.410	38.213	36.942	28.725	Rain-fed	386.115	9271.586	634.635	12.990	7.150	1.300	12.848	6.963	1.079	714.400	9.473	7.967	16.117	13.293	22.760	18.620	120.237	120.180	7.967	13.293	18.620	120.180
MNSO_6	MNSO	Minnesota	2011	Minnesota 2011	Developed/Open Space	Developed/Open Space	44.99	-93.18	0.608	109	Silt loam	0.110	8.600	12.300	1.540	0.000	0.000	0.840	6.400	58.100	29.600	17.300	Rain-fed	389.568	5255.656	827.929	13.000	7.800	2.590	12.742	7.786	2.831	830.900	10.190	8.267	15.737	13.477	21.283	18.687	133.207	103.373	8.267	13.477	18.687	103.373
NDSO_1	NDSO	N Dakota	2011	N Dakota 2011	Soybeans	Soybeans	46.95	-96.86	0.250	161	Silty clay	0.140	39.400	50.000	1.330	4.700	0.000	2.800	8.000	5.300	44.700	34.600	Rain-fed	388.290	7277.575	574.544	11.410	5.630	-0.150	11.200	5.743	0.286	602.150	8.290	7.003	14.872	12.115	21.453	17.227	51.807	88.213	7.003	12.115	17.227	88.213
NDSO_2	NDSO	N Dakota	2011	N Dakota 2011	Soybeans	Corn	47.50	-97.14	0.374	52	Silt loam	0.195	18.996	25.632	1.385	1.142	0.000	1.862	7.748	7.801	66.566	30.747	Rain-fed	383.458	7228.145	526.258	10.920	5.020	-0.880	11.049	5.545	0.042	561.670	8.037	6.570	14.573	11.677	21.110	16.783	49.913	74.883	6.570	11.677	16.783	74.883
NDSO_3	NDSO	N Dakota	2011	N Dakota 2011	Soybeans	Potatoes	47.96	-97.62	0.597	58	Fine sandy loam	0.114	8.638	8.683	1.410	0.384	0.000	1.212	7.046	82.835	8.482	14.760	Irrigated	385.493	8593.672	572.731	10.380	4.540	-1.300	10.141	4.502	-1.137	526.680	6.397	5.563	13.238	10.787	20.080	16.010	42.693	83.097	5.563	10.787	16.010	83.097
NDSO_4	NDSO	N Dakota	2011	N Dakota 2011	Soybeans	Corn	46.60	-96.81	0.124	109	Silty clay	0.160	34.500	48.800	1.340	1.900	0.000	1.630	7.900	4.800	46.400	33.600	Rain-fed	384.254	5373.742	556.338	11.530	5.750	-0.040	11.070	5.662	0.254	590.540	8.283	7.077	14.733	12.167	21.183	17.257	64.117	81.217	7.077	12.167	17.257	81.217
NDSO_5	NDSO	N Dakota	2011	N Dakota 2011	Soybeans	Corn	46.47	-97.10	0.426	94	Loam	0.120	12.295	14.085	1.486	3.800	0.000	1.641	7.700	64.820	21.105	21.114	Rain-fed	389.239	8477.415	592.518	12.050	5.980	-0.090	11.346	5.728	0.109	581.300	8.197	7.020	14.798	12.283	21.400	17.547	63.343	82.813	7.020	12.283	17.547	82.813
NDSO_6	NDSO	N Dakota	2011	N Dakota 2011	Soybeans	Soybeans	46.77	-97.28	0.084	58	Silty clay	0.160	34.500	48.800	1.340	1.900	0.000	1.630	7.900	4.800	46.400	33.600	Rain-fed	387.344	7745.247	500.138	11.610	5.620	-0.380	11.119	5.396	-0.328	565.400	7.947	6.693	14.738	12.007	21.530	17.320	52.623	80.170	6.693	12.007	17.320	80.170
NDSO_7	NDSO	N Dakota	2011	N Dakota 2011																																									
NDSO_8	NDSO	N Dakota	2011	N Dakota 2011																																									
NDSO_9	NDSO	N Dakota	2011	N Dakota 2011																																									
NESO_1	NESO	Nebraska	2011	Nebraska 2011	Soybeans	Corn	41.18	-96.46	0.460	218	Silt loam	0.160	26.997	36.949	1.259	0.049	0.000	1.108	6.702	6.509	56.591	31.796	Irrigated	387.317	9046.688	765.477	16.550	10.400	4.240	16.272	9.884	3.496	757.740	11.293	9.323	18.410	15.732	25.527	22.140	89.960	126.183	9.323	15.732	22.140	126.183
NESO_2	NESO	Nebraska	2011	Nebraska 2011	Corn	Corn	40.20	-97.53	0.235	295	Silt loam	0.180	25.704	32.885	1.334	0.200	0.000	0.993	7.330	5.205	61.845	30.196	Irrigated	388.155	9267.469	734.874	17.520	11.040	4.550	17.490	10.723	3.956	770.350	11.713	9.907	19.177	16.713	26.640	23.520	90.877	104.367	9.907	16.713	23.520	104.367
NESO_3	NESO	Nebraska	2011	Nebraska 2011	Soybeans	Soybeans	40.20	-97.50	0.393	92	Silt loam	0.180	25.273	33.054	1.332	0.200	0.000	0.997	7.368	5.149	61.714	30.627	Irrigated	385.946	9188.190	731.423	17.540	11.060	4.570	17.574	10.788	4.002	767.750	11.750	9.880	19.227	16.715	26.703	23.550	89.170	105.140	9.880	16.715	23.550	105.140
NESO_4	NESO	Nebraska	2011	Nebraska 2011	Corn	Corn	41.78	-96.18	0.254	96	Silty clay	0.110	120.500	51.600	1.350	0.000	0.000	2.090	7.300	4.400	44.000	34.600	Irrigated	389.537	9478.758	723.977	16.060	9.850	3.640	15.772	9.458	3.144	777.110	11.260	9.503	18.537	15.675	25.813	21.847	92.373	128.597	9.503	15.675	21.847	128.597
SDSO_4	SDSO	S Dakota	2011	S Dakota 2011																																									
SDSO_5	SDSO	S Dakota	2011	S Dakota 2011																																									
SDSO_6	SDSO	S Dakota	2011	S Dakota 2011																																									
SDSO_7	SDSO	S Dakota	2011	S Dakota 2011																																									
SDSO_8	SDSO	S Dakota	2011	S Dakota 2011																																									
SDSO_9	SDSO	S Dakota	2011	S Dakota 2011																																									
WISO_1	WISO	Wisconsin	2011	Wisconsin 2011	Corn	Soybeans	42.83	-90.79	4.248	183	Silt loam	0.186	19.274	28.396	1.418	0.000	18.665	0.563	5.866	6.639	65.060	30.366	Rain-fed	385.944	8232.094	864.090	13.260	8.040	2.810	13.608	8.618	3.628	883.470	10.367	9.037	16.348	14.168	22.330	19.300	66.757	94.313	9.037	14.168	19.300	94.313
WISO_2	WISO	Wisconsin	2011	Wisconsin 2011	Corn	Soybeans	42.77	-88.47	0.564	323	Silt loam	0.156	39.047	11.309	1.347	0.000	0.000	25.352	6.938	58.780	11.369	10.431	Rain-fed	390.395	8666.526	890.208	13.910	8.500	3.090	13.486	8.318	3.150	892.880	8.530	7.750	14.977	13.047	21.423	18.343	55.740	84.617	7.750	13.047	18.343	84.617
WISO_3	WISO	Wisconsin	2011	Wisconsin 2011	Alfalfa	Alfalfa	43.30	-89.35	1.061	101	Silt loam	0.170	16.300	21.000	1.450	0.100	0.000	0.910	7.100	32.900	46.000	26.500	Rain-fed	384.448	8622.352	825.005	13.570	8.000	2.420	13.651	7.598	1.546	888.930	7.677	6.417	15.020	12.653	22.363	18.890	56.843	87.713	6.417	12.653	18.890	87.713
WISO_4	WISO	Wisconsin	2011	Wisconsin 2011	Grassland/Pasture	Soybeans	44.12	-89.54	0.159	256	Sand	0.071	0.982	2.585	1.658	0.088	0.884	0.334	5.781	94.321	3.094	7.759	Rain-fed	386.963	8360.363	818.171	12.900	7.080	1.250	12.479	7.117	1.755	824.170	8.107	6.800	14.795	12.210	21.483	17.620	94.063	100.973	6.800	12.210	17.620	100.973
WISO_5	WISO	Wisconsin	2011	Wisconsin 2011	Alfalfa	Alfalfa	44.76	-90.10	1.188	259	Silt loam	0.100	14.006	17.692	1.730	0.000	8.690	0.363	5.400	39.101	43.206	23.097	Rain-fed	381.565	9005.827	795.301	11.820	6.360	0.900	11.451	6.471	1.491	797.470	7.747	6.777	14.005	11.823	20.263	16.870	85.727	82.230	6.777	11.823	16.870	82.230
WISO_6	WISO	Wisconsin	2011	Wisconsin 2011	Oats	Alfalfa	44.85	-89.85	1.638	96	Gravelly silt loam	0.060	10.000	5.500	1.590	0.000	1.500	0.630	5.300	68.300	26.200	11.000	Rain-fed	385.945	7764.060	811.645	11.630	6.100	0.560	11.243	6.226	1.208	814.070	7.410	6.387	13.792	11.503	20.173	16.620	87.577	86.850	6.387	11.503	16.620	86.850
ARSO2_1	ARSO2	Arkansas	2012	Arkansas 2012	Soybeans	Soybeans	33.80	-91.28	0.218	344	Clay	0.150	25.600	63.000	1.410	0.000	0.000	0.390	7.300	10.200	26.800	40.900	Irrigated	387.100	5685.887	1092.953	22.960	17.230	11.500	24.017	18.481	12.945	1297.590	17.083	17.213	22.838	23.025	28.593	28.837	68.747	109.930	17.083	22.838	28.593	68.747
ARSO2_2	ARSO2	Arkansas	2012	Arkansas 2012	Soybeans	Soybeans	34.47	-91.42	0.237	72	Silt loam	0.180	35.000	32.300	1.360	0.000	9.700	0.840	5.400	13.400	54.300	31.700	Irrigated	389.268	8914.364	1020.956	22.510	16.890	11.270	23.797	18.232	12.668	1257.400	17.210	17.097	22.838	22.832	28.467	28.567	61.440	171.210	17.210	22.838	28.467	61.440
ARSO2_3	ARSO2	Arkansas	2012	Arkansas 2012	Soybeans	Soybeans	34.73	-90.76	0.367	87	Silt loam	0.140	12.200	23.100	1.520	0.100	0.000	0.370	6.100	9.800	67.200	29.400	Rain-fed	385.815	4974.589	957.365	21.950	16.340	10.720	23.861	18.062	12.263	1295.030	16.527	16.863	22.758	22.490	28.990	28.117	48.780	181.520	16.527	22.758	28.990	48.780
ARSO2_4	ARSO2	Arkansas	2012	Arkansas 2012	Soybeans	Soybeans	35.67	-90.08	0.198	112	Silty clay	0.101	40.406	62.310	1.340	0.947	0.000	0.946	6.605	5.088	32.602	41.658	Rain-fed	389.477	6134.287	868.326	21.430	15.800	10.170	23.472	17.624	11.777	1254.020	16.830	16.930	22.957	22.367	29.083	27.803	50.420	212.283	16.830	22.957	29.083	50.420
ARSO2_5	ARSO2	Arkansas	2012	Arkansas 2012	Grassland/Pasture	Soybeans	35.40	-94.23	0.143	269	Silt loam	0.170	17.700	20.900	1.410	0.000	0.000	1.220	6.500	21.100	58.000	27.200	Rain-fed	391.821	4925.898	824.768	22.760	16.370	9.970	24.901	18.197	11.493	1202.560	16.563	15.523	23.132	21.798	29.700	28.073	48.403	167.957	16.563	23.132	29.700	48.403
ARSO2_6	ARSO2	Arkansas	2012	Arkansas 2012	Grassland/Pasture	Grassland/Pasture	36.09	-94.17	1.386	84	Loam	0.161	12.753	23.468	1.471	0.000	0.150	0.706	6.471	24.016	52.614	25.205	Rain-fed	375.230	7659.314	722.452	20.350	14.310	8.260	22.601	16.267	9.932	1206.200	14.943	13.833	21.212	19.605	27.480	25.377	45.660	220.997	14.943	21.212	27.480	45.660
IASO2_1	IASO2	Iowa	2012	Iowa 2012	Soybeans	Corn	40.70	-94.36	0.248	151	Silty clay	0.131	34.595	43.178	1.351	0.000	7.188	2.288	6.265	9.080	47.768	33.007	Rain-fed	365.011	7970.137	742.149	16.430	10.490	4.540	18.902	12.169	5.436	915.070	11.390	9.893	17.997	15.788	24.603	21.683	92.363	127.683	11.390	17.997	24.603	92.363
IASO2_4	IASO2	Iowa	2012	Iowa 2012	Soybeans	Corn	41.98	-93.65	1.594	289	Loam	0.182	14.810	19.014	1.476	0.000	0.000	1.281	7.384	44.224	36.761	26.448	Rain-fed	380.576	7654.625	642.078	14.870	9.170	3.460	17.804	11.353	4.901	926.390	11.120	9.300	17.652	15.065	24.183	20.830	81.097	127.240	11.120	17.652	24.183	81.097
IASO2_5	IASO2	Iowa	2012	Iowa 2012	Corn	Soybeans	40.99	-94.74	0.884	132	Silty clay loam	0.200	25.541	32.115	1.399	0.000	0.000	2.581	6.380	3.000	64.885	33.480	Rain-fed	394.363	9230.274	715.003	15.780	9.900	4.020	18.410	11.686	4.961	887.100	11.030	9.313	17.683	15.250	24.337	21.187	92.907	128.017	11.030	17.683	24.337	92.907
IASO2_6	IASO2	Iowa	2012	Iowa 2012	Corn	Soybeans	41.07	-92.85	0.305	272	Silty clay loam	0.169	27.768	37.604	1.424	1.000	0.000	0.772	6.192	11.973	50.423	32.948	Rain-fed	384.995	8132.542	661.398	15.920	10.350	4.780	18.489	12.192	5.895	957.290	11.213	10.083	17.628	15.602	24.043	21.120	71.937	152.753	11.213	17.628	24.043	71.937
ILSO2_1	ILSO2	Illinois	2012	Illinois 2012	Corn	Soybeans	37.46	-88.72	1.904	58	Silt loam	0.140	14.600	25.300	1.550	0.000	13.100	0.360	4.700	3.000	71.700	30.500	Rain-fed	363.014	7946.559	816.662	19.520	13.670	7.820	21.768	15.446	9.124	1209.690	13.080	14.063	20.240	19.578	27.400	25.093	28.917	248.593	13.080	20.240	27.400	28.917
ILSO2_2	ILSO2	Illinois	2012	Illinois 2012	Corn	Soybeans	37.82	-88.25	0.356	148	Silty clay loam	0.196	19.306	27.201	1.396	0.000	0.000	1.586	7.200	13.046	59.753	30.321	Rain-fed	386.067	7246.574	849.641	19.380	13.630	7.870	21.622	15.535	9.447	1148.350	13.853	14.580	20.638	19.888	27.423	25.197	35.287	225.350	13.853	20.638	27.423	35.287
ILSO2_3	ILSO2	Illinois	2012	Illinois 2012	Corn	Soybeans	38.95	-88.96	0.501	272	Silt loam	0.158	19.853	26.684	1.520	0.449	19.016	0.439	5.822	13.002	60.322	30.149	Rain-fed	386.842	8015.847	925.124	17.990	12.410	6.830	20.119	14.050	7.981	1011.000	12.373	12.603	19.115	18.057	25.857	23.510	64.540	186.553	12.373	19.115	25.857	64.540
ILSO2_4	ILSO2	Illinois	2012	Illinois 2012	Corn	Soybeans	41.05	-89.70	1.641	328	Silt loam	0.157	23.184	29.592	1.463	0.000	0.000	1.474	6.854	12.281	58.126	31.623	Rain-fed	389.069	5579.006	729.025	15.920	10.180	4.430	18.409	12.134	5.860	932.520	10.587	10.043	17.502	15.865	24.417	21.687	74.817	150.623	10.587	17.502	24.417	74.817
ILSO2_5	ILSO2	Illinois	2012	Illinois 2012	Corn	Soybeans	39.85	-90.73	2.749	162	Silt loam	0.194	19.827	29.498	1.431	0.777	12.824	0.434	5.865	3.005	67.497	31.214	Rain-fed	388.762	8272.663	667.558	17.260	11.540	5.820	19.749	13.243	6.738	963.770	11.350	11.130	18.393	16.948	25.437	22.767	61.180	154.487	11.350	18.393	25.437	61.180
ILSO2_6	ILSO2	Illinois	2012	Illinois 2012	Corn	Grassland/Pasture	40.93	-90.72	0.407	6	Silt loam	0.201	22.571	28.747	1.384	0.912	0.000	1.087	5.876	3.926	67.326	31.171	Rain-fed	388.068	7768.538	743.200	15.920	10.350	4.770	18.296	11.955	5.613	945.200	10.727	9.860	17.617	15.577	24.507	21.293	86.867	151.680	10.727	17.617	24.507	86.867
INSO2_1	INSO2	Indiana	2012	Indiana 2012	Corn	Soybeans	40.28	-85.70	0.776	136	Silt loam	0.100	13.711	22.654	1.668	0.000	0.000	0.977	7.437	35.084	42.245	27.224	Rain-fed	386.578	9056.384	915.070	16.140	10.590	5.040	18.073	12.127	6.181	1040.530	10.233	10.853	17.220	16.410	24.207	21.967	43.703	144.473	10.233	17.220	24.207	43.703
INSO2_2	INSO2	Indiana	2012	Indiana 2012	Corn	Soybeans	40.53	-86.76	0.812	166	Silt loam	0.209	16.035	17.993	1.490	0.000	0.000	1.250	7.845	19.731	62.372	27.659	Rain-fed	386.146	6865.043	797.206	16.830	11.150	5.460	18.890	12.664	6.438	992.700	10.637	10.987	17.957	16.840	25.277	22.693	48.567	161.560	10.637	17.957	25.277	48.567
INSO2_3	INSO2	Indiana	2012	Indiana 2012	Soybeans	Soybeans	38.74	-87.49	0.854	295	Loam	0.146	9.384	11.731	1.560	0.000	1.183	0.994	6.320	59.157	29.112	18.442	Rain-fed	386.286	6784.715	874.512	18.390	12.710	7.030	21.056	14.588	8.121	1161.620	12.540	13.240	19.798	18.927	27.057	24.613	44.177	220.447	12.540	19.798	27.057	44.177
INSO2_4	INSO2	Indiana	2012	Indiana 2012	Corn	Soybeans	40.53	-86.76	0.347	360	Silt loam	0.210	15.900	17.300	1.490	0.000	0.000	1.230	7.900	19.900	62.900	27.400	Rain-fed	386.952	9080.098	797.206	16.830	11.150	5.460	18.890	12.664	6.438	992.700	10.637	10.987	17.957	16.840	25.277	22.693	48.567	161.560	10.637	17.957	25.277	48.567
INSO2_6	INSO2	Indiana	2012	Indiana 2012	Corn	Soybeans	40.33	-86.81	1.583	312	Silt loam	0.165	13.545	19.232	1.559	0.000	0.000	1.221	6.654	40.271	40.497	24.934	Rain-fed	384.944	9197.691	843.792	16.650	10.990	5.320	18.681	12.565	6.448	986.440	10.803	11.200	17.823	16.797	24.843	22.393	54.037	155.177	10.803	17.823	24.843	54.037
KSSO2_1	KSSO2	Kansas	2012	Kansas 2012	Grassland/Pasture	Soybeans	39.47	-98.43	2.876	117	Silty clay loam	0.174	26.928	37.320	1.396	0.235	0.000	0.793	7.020	7.290	55.368	33.358	Rain-fed	382.707	8730.788	609.789	17.760	11.410	5.060	20.429	13.063	5.697	865.640	12.183	10.443	19.133	16.878	26.083	23.313	79.697	99.667	12.183	19.133	26.083	79.697
KSSO2_2	KSSO2	Kansas	2012	Kansas 2012	Dbl Crop WinWht/Soybeans	Soybeans	39.74	-96.74	2.189	131	Silty clay loam	0.180	27.487	36.993	1.370	0.300	0.000	0.744	7.003	2.200	60.807	33.197	Rain-fed	386.226	7440.262	600.014	17.970	11.580	5.190	20.807	13.277	5.746	827.200	12.213	10.337	19.503	16.992	26.793	23.647	82.373	90.010	12.213	19.503	26.793	82.373
KSSO2_3	KSSO2	Kansas	2012	Kansas 2012	Winter Wheat	Corn	37.79	-98.47	0.319	7	Fine sand	0.120	10.480	18.719	1.520	0.200	0.000	0.273	6.400	58.687	22.694	19.711	Irrigated	387.710	8883.363	450.035	20.240	13.510	6.770	22.636	14.875	7.114	742.060	13.077	11.467	20.648	19.420	28.220	27.373	54.833	45.707	13.077	20.648	28.220	54.833
KSSO2_4	KSSO2	Kansas	2012	Kansas 2012	Winter Wheat	Corn	37.99	-100.82	0.305	1	Silt loam	0.150	19.400	24.400	1.300	7.400	0.000	0.790	8.200	16.100	59.400	31.000	Irrigated	381.823	8770.858	312.951	19.930	12.240	4.550	22.639	13.939	5.239	491.360	11.223	8.687	19.913	17.912	28.603	27.137	30.513	31.847	11.223	19.913	28.603	30.513
KSSO2_5	KSSO2	Kansas	2012	Kansas 2012	Winter Wheat	Soybeans	39.72	-98.10	2.176	36	Silt loam	0.200	22.100	28.400	1.410	0.000	0.000	0.750	7.600	6.100	65.500	30.900	Rain-fed	385.378	7226.247	534.937	18.220	11.470	4.710	20.915	13.144	5.373	689.770	11.913	9.827	19.513	16.875	27.113	23.923	71.840	118.190	11.913	19.513	27.113	71.840
KSSO2_6	KSSO2	Kansas	2012	Kansas 2012	Corn	Corn	39.72	-96.00	3.076	176	Clay loam	0.161	23.477	29.870	1.479	0.000	0.000	0.998	7.591	35.843	34.287	31.363	Rain-fed	386.270	8366.979	595.633	18.020	11.790	5.550	20.501	13.253	6.004	876.440	12.357	10.537	19.413	16.940	26.470	23.343	71.890	99.683	12.357	19.413	26.470	71.890
MISO2_1	MISO2	Michigan	2012	Michigan 2012	Corn	Soybeans	43.29	-84.56	0.128	106	Sandy loam	0.075	8.414	23.086	1.671	0.251	0.000	0.875	7.837	42.503	34.428	18.121	Rain-fed	379.464	5044.157	760.460	13.810	8.310	2.810	15.681	10.014	4.347	840.570	7.760	8.123	14.373	13.452	20.987	18.780	57.567	117.697	7.760	14.373	20.987	57.567
MISO2_2	MISO2	Michigan	2012	Michigan 2012	Soybeans	Corn	42.65	-84.02	0.571	68	Loam	0.159	13.937	25.737	1.636	0.000	0.000	0.605	6.950	37.476	36.775	29.463	Rain-fed	381.626	6346.363	727.892	14.200	8.780	3.350	16.292	10.573	4.855	822.340	8.310	8.493	14.867	13.760	21.423	19.027	54.893	128.623	8.310	14.867	21.423	54.893
MISO2_3	MISO2	Michigan	2012	Michigan 2012	Soybeans	Winter Wheat	42.68	-86.07	1.419	264	Loam	0.161	12.072	26.045	1.598	0.000	0.000	0.762	7.285	32.887	41.068	28.697	Rain-fed	385.094	9052.761	826.389	14.030	9.120	4.200	16.668	11.631	6.595	929.880	9.783	9.380	15.678	14.273	21.573	19.167	60.730	120.500	9.783	15.678	21.573	60.730
MISO2_4	MISO2	Michigan	2012	Michigan 2012	Corn	Soybeans	42.87	-85.13	0.535	305	Sandy loam	0.100	6.900	9.500	1.580	0.000	0.000	0.790	6.800	79.200	11.300	16.000	Rain-fed	385.680	9054.848	845.484	14.080	8.640	3.190	16.038	10.443	4.848	905.060	8.273	8.303	14.822	13.628	21.370	18.953	64.110	120.463	8.273	14.822	21.370	64.110
MISO2_5	MISO2	Michigan	2012	Michigan 2012	Soybeans	Winter Wheat	43.07	-84.14	0.577	145	Loam	0.167	17.394	23.243	1.730	0.000	0.000	0.886	7.657	39.021	37.817	26.323	Rain-fed	384.309	9148.050	754.720	14.160	8.610	3.050	16.239	10.479	4.718	825.000	7.903	8.120	14.673	13.658	21.443	19.197	60.627	140.253	7.903	14.673	21.443	60.627
MISO2_6	MISO2	Michigan	2012	Michigan 2012	Soybeans	Soybeans	43.02	-84.15	0.309	251	Loam	0.142	15.141	23.135	1.748	0.000	0.000	0.804	7.765	38.128	38.782	26.180	Rain-fed	383.886	9198.568	741.456	14.070	8.570	3.060	16.173	10.421	4.669	825.720	7.840	8.150	14.593	13.633	21.347	19.117	60.820	149.623	7.840	14.593	21.347	60.820
MISO2_7	MISO2	Michigan	2012	Michigan 2012	Soybeans	Soybeans	43.72	-84.53	0.172	2	Silty clay loam	0.150	13.145	37.427	1.560	0.000	0.000	0.849	7.397	9.117	53.456	29.617	Rain-fed	381.655	6495.151	759.292	13.860	8.340	2.820	15.686	9.989	4.291	804.220	7.777	7.680	14.455	13.150	21.133	18.620	60.913	120.077	7.777	14.455	21.133	60.913
MNSO2_1	MNSO2	Minnesota	2012	Minnesota 2012	Soybeans	Corn	44.07	-93.52	1.121	351	Clay loam	0.180	20.264	25.807	1.442	0.000	0.000	1.950	7.457	37.223	36.892	29.650	Rain-fed	385.803	8873.080	671.854	12.660	7.200	1.730	15.288	9.410	3.533	836.460	9.503	8.050	15.605	13.082	21.707	18.113	110.003	112.350	9.503	15.605	21.707	110.003
MNSO2_2	MNSO2	Minnesota	2012	Minnesota 2012	Corn	Soybeans	44.67	-94.83	0.548	43	Clay loam	0.170	17.800	26.600	1.400	0.000	0.000	1.570	7.900	37.100	36.300	29.600	Rain-fed	387.844	4333.610	669.214	12.590	6.980	1.370	15.073	8.783	2.492	727.550	9.177	7.653	15.598	12.973	22.020	18.293	124.170	105.673	9.177	15.598	22.020	124.170
MNSO2_3	MNSO2	Minnesota	2012	Minnesota 2012	Herbaceous Wetlands	Herbaceous Wetlands	44.26	-95.32	1.133	214	Loam	0.163	25.250	39.284	1.471	0.000	0.000	2.792	7.175	27.924	32.750	34.317	Rain-fed	384.874	9055.715	649.769	13.030	7.150	1.270	15.783	9.244	2.705	714.470	9.460	7.967	16.090	13.273	22.720	18.580	120.687	119.893	9.460	16.090	22.720	120.687
MNSO2_4	MNSO2	Minnesota	2012	Minnesota 2012	Soybeans	Corn	44.86	-94.31	0.998	261	Clay loam	0.170	17.800	26.600	1.400	0.000	0.000	1.570	7.900	37.100	36.300	29.600	Rain-fed	381.892	2494.211	756.327	12.390	6.880	1.360	14.614	8.777	2.939	736.910	9.590	7.850	15.498	12.987	21.407	18.123	144.707	105.173	9.590	15.498	21.407	144.707
MNSO2_5	MNSO2	Minnesota	2012	Minnesota 2012	Corn	Corn	46.65	-96.69	0.295	77	Silt loam	0.183	25.764	37.369	1.323	1.900	0.000	1.495	7.851	7.426	55.180	34.328	Rain-fed	386.018	8356.299	450.577	11.430	5.720	0.000	13.539	7.581	1.624	601.190	8.357	7.107	14.715	12.130	21.073	17.153	66.567	82.963	8.357	14.715	21.073	66.567
MNSO2_6	MNSO2	Minnesota	2012	Minnesota 2012	Sugarbeets	Soybeans	46.98	-96.63	0.122	267	Silty clay loam	0.186	18.841	26.472	1.366	1.861	0.000	1.445	7.900	7.307	66.259	30.540	Rain-fed	382.565	8124.648	410.219	11.350	5.610	-0.130	13.523	7.535	1.548	607.550	8.317	7.093	14.793	12.165	21.270	17.237	58.437	85.247	8.317	14.793	21.270	58.437
NDSO2_1	NDSO2	N Dakota	2012	N Dakota 2012	Spring Wheat	Soybeans	47.01	-96.90	0.496	346	Silty clay	0.160	34.500	48.800	1.340	1.900	0.000	1.630	7.900	4.800	46.400	33.600	Rain-fed	383.698	8529.733	375.687	11.390	5.600	-0.200	13.657	7.547	1.437	601.380	8.230	6.930	14.840	12.097	21.450	17.263	50.413	87.870	8.230	14.840	21.450	50.413
NDSO2_2	NDSO2	N Dakota	2012	N Dakota 2012	Soybeans	Soybeans	47.16	-96.97	0.348	7	Silty clay	0.160	34.500	48.800	1.340	1.900	0.000	1.630	7.900	4.800	46.400	33.600	Rain-fed	386.766	9011.834	369.339	11.310	5.490	-0.330	13.569	7.448	1.326	585.200	8.143	6.863	14.798	12.055	21.453	17.247	49.160	82.577	8.143	14.798	21.453	49.160
NDSO2_3	NDSO2	N Dakota	2012	N Dakota 2012	Corn	Soybeans	47.29	-97.02	0.280	3	Silty clay	0.160	34.500	48.800	1.340	1.900	0.000	1.630	7.900	4.800	46.400	33.600	Rain-fed	385.909	2826.988	380.636	11.140	5.350	-0.450	13.296	7.268	1.240	579.580	8.177	6.883	14.722	11.988	21.267	17.093	49.990	80.133	8.177	14.722	21.267	49.990
NDSO2_4	NDSO2	N Dakota	2012	N Dakota 2012	Corn	Soybeans	46.63	-96.84	0.183	81	Silty clay	0.160	34.523	48.800	1.340	1.900	0.000	1.660	7.900	4.800	46.400	33.616	Rain-fed	387.460	4351.609	446.202	11.510	5.730	-0.050	13.635	7.600	1.565	588.900	8.293	7.070	14.723	12.142	21.153	17.213	61.637	85.350	8.293	14.723	21.153	61.637
NDSO2_5	NDSO2	N Dakota	2012	N Dakota 2012	Soybeans	Soybeans	46.63	-97.06	0.872	5	Silty clay loam	0.190	23.400	28.300	1.410	0.000	0.000	2.010	7.600	7.000	64.700	31.800	Rain-fed	388.017	5274.939	415.638	11.630	5.750	-0.130	13.762	7.589	1.415	570.100	8.207	6.980	14.758	12.135	21.310	17.290	52.753	93.340	8.207	14.758	21.310	52.753
NDSO2_6	NDSO2	N Dakota	2012	N Dakota 2012	Herbaceous Wetlands	Soybeans	46.63	-97.27	0.316	57	Fine sandy loam	0.100	6.400	8.300	1.580	2.000	0.000	1.010	8.000	88.600	7.700	15.600	Rain-fed	386.585	9242.581	419.037	11.930	5.780	-0.370	14.093	7.636	1.180	571.420	7.957	6.677	14.692	11.985	21.427	17.293	60.247	84.560	7.957	14.692	21.427	60.247
NESO2_2	NESO2	Nebraska	2012	Nebraska 2012	Corn	Soybeans	41.29	-96.92	1.139	272	Silty clay loam	0.165	29.256	33.597	1.384	0.000	0.000	2.565	6.788	8.472	57.974	31.788	Rain-fed	384.562	6953.404	488.155	16.350	10.080	3.810	19.033	11.746	4.458	774.910	11.050	9.057	18.137	15.388	25.223	21.720	89.650	126.543	11.050	18.137	25.223	89.650
NESO2_5	NESO2	Nebraska	2012	Nebraska 2012	Corn	Soybeans	41.74	-96.18	0.103	29	Silty clay	0.110	120.500	51.600	1.350	0.000	0.000	2.090	7.300	4.400	44.000	34.600	Rain-fed	378.561	3210.245	529.679	16.080	9.900	3.720	19.377	12.038	4.699	770.480	11.530	9.673	18.730	15.805	25.930	21.937	92.873	128.503	11.530	18.730	25.930	92.873
NESO2_6	NESO2	Nebraska	2012	Nebraska 2012	Corn	Soybeans	41.18	-96.45	1.233	150	Silty clay loam	0.180	21.673	29.075	1.324	0.079	0.000	0.467	7.195	13.142	57.784	29.625	Irrigated	381.886	9107.497	483.578	16.530	10.390	4.240	19.549	12.147	4.745	758.090	11.293	9.323	18.410	15.732	25.527	22.140	89.960	126.183	11.293	18.410	25.527	89.960
ONSO2_1	ONSO2	Ontario	2012	Ontario 2012																																									
SDSO2_1	SDSO2	S Dakota	2012	S Dakota 2012	Other Hay/Non Alfalfa	Other Hay/Non Alfalfa	44.29	-97.55	2.084	38	Loam	0.179	18.491	26.410	1.404	2.440	0.000	1.301	7.557	36.889	36.709	29.510	Rain-fed	387.170	7972.150	538.794	12.990	7.160	1.330	15.729	9.541	3.352	635.700	9.627	7.353	15.907	12.552	22.187	17.750	96.207	88.267	9.627	15.907	22.187	96.207
SDSO2_2	SDSO2	S Dakota	2012	S Dakota 2012	Corn	Soybeans	44.27	-97.55	0.549	248	Loam	0.180	18.200	25.700	1.400	2.500	0.000	1.250	7.600	37.300	37.000	29.100	Rain-fed	384.883	9181.922	545.662	13.160	7.230	1.300	15.869	9.491	3.114	633.720	9.417	7.223	15.887	12.537	22.357	17.850	99.857	91.090	9.417	15.887	22.357	99.857
SDSO2_4	SDSO2	S Dakota	2012	S Dakota 2012	Soybeans	Soybeans	44.13	-96.79	1.367	352	Silty clay loam	0.200	15.547	27.671	1.285	1.999	0.000	1.395	7.310	8.062	64.267	29.966	Rain-fed	387.040	9014.898	597.086	12.750	6.860	0.970	15.272	8.721	2.170	664.910	8.900	6.973	15.397	12.212	21.893	17.450	113.410	98.733	8.900	15.397	21.893	113.410
SDSO2_5	SDSO2	S Dakota	2012	S Dakota 2012	Corn	Soybeans	44.08	-96.59	0.323	181	Silty clay loam	0.190	22.400	27.800	1.330	1.000	0.000	1.440	7.300	9.400	62.900	24.900	Rain-fed	386.869	8781.333	631.099	12.730	6.750	0.760	15.063	8.329	1.594	670.860	8.707	6.817	15.283	12.092	21.860	17.367	121.893	110.077	8.707	15.283	21.860	121.893
SDSO2_6	SDSO2	S Dakota	2012	S Dakota 2012	Corn	Soybeans	43.89	-96.59	1.188	84	Clay loam	0.157	13.100	25.386	1.341	2.614	0.000	1.376	7.863	36.646	37.968	28.756	Rain-fed	384.165	6183.166	572.860	13.000	7.070	1.130	15.676	9.030	2.383	681.160	9.053	7.117	15.680	12.487	22.307	17.857	106.180	110.483	9.053	15.680	22.307	106.180